program_code,program_year,state,PrimaryReserveAuthority,PrimaryReserveAllowanceAllocation,Opt-InAuthority,Opt-InAllowanceAllocation,ERAuthority,ERAllowanceAllocation,ALLOW_BUDGET,TotalAllowanceAllocation,TotalRemaining
OTC,1999,CT,5866,5866,0,0,500,446,6366,6312,54
OTC,1999,DC,0,0,0,0,0,0,0,0,0
OTC,1999,DE,6145,6142,0,0,0,0,6145,6142,3
OTC,1999,MA,18146,18145,0,0,2235,2235,20381,20380,1
OTC,1999,MD,22881,0,0,0,0,0,22881,0,22881
OTC,1999,ME,0,0,0,0,0,0,0,0,0
OTC,1999,NH,5219,5119,0,0,1669,1669,6888,6788,100
OTC,1999,NJ,17340,17340,0,0,4500,3952,21840,21292,548
OTC,1999,NY,46988,46988,28,28,7260,7260,54276,54276,0
OTC,1999,PA,93895,93895,0,0,10000,9773,103895,103668,227
OTC,1999,RI,626,580,0,0,0,0,626,580,46
OTC,1999,VA,0,0,0,0,0,0,0,0,0
OTC,1999,VT,0,0,0,0,0,0,0,0,0
OTC,2000,CT,5866,5866,0,0,0,0,5866,5866,0
OTC,2000,DC,0,0,0,0,0,0,0,0,0
OTC,2000,DE,6145,6142,0,0,0,0,6145,6142,3
OTC,2000,MA,18146,18146,0,0,0,0,18146,18146,0
OTC,2000,MD,22881,22881,0,0,0,0,22881,22881,0
OTC,2000,ME,0,0,0,0,0,0,0,0,0
OTC,2000,NH,5219,5119,0,0,0,0,5219,5119,100
OTC,2000,NJ,17340,17340,0,0,0,0,17340,17340,0
OTC,2000,NY,46988,46988,28,28,0,0,47016,47016,0
OTC,2000,PA,93261,93261,51,51,0,0,93312,93312,0
OTC,2000,RI,626,626,0,0,0,0,626,626,0
OTC,2000,VA,0,0,0,0,0,0,0,0,0
OTC,2000,VT,0,0,0,0,0,0,0,0,0
OTC,2001,CT,5866,5866,0,0,0,0,5866,5866,0
OTC,2001,DC,494,481,0,0,0,0,494,481,13
OTC,2001,DE,6145,6142,0,0,0,0,6145,6142,3
OTC,2001,MA,18146,18145,0,0,0,0,18146,18145,1
OTC,2001,MD,22881,22881,0,0,0,0,22881,22881,0
OTC,2001,ME,3237,0,0,0,0,0,3237,0,3237
OTC,2001,NH,5219,5119,0,0,0,0,5219,5119,100
OTC,2001,NJ,17340,17340,0,0,0,0,17340,17340,0
OTC,2001,NY,46988,46988,28,28,0,0,47016,47016,0
OTC,2001,PA,93261,93261,51,51,0,0,93312,93312,0
OTC,2001,RI,626,626,0,0,0,0,626,626,0
OTC,2001,VA,2480,0,0,0,0,0,2480,0,2480
OTC,2001,VT,56,0,0,0,0,0,56,0,56
OTC,2002,CT,5866,5866,0,0,0,0,5866,5866,0
OTC,2002,DC,494,481,0,0,0,0,494,481,13
OTC,2002,DE,6145,6142,0,0,0,0,6145,6142,3
OTC,2002,MA,18146,18146,0,0,0,0,18146,18146,0
OTC,2002,MD,22881,22881,0,0,0,0,22881,22881,0
OTC,2002,ME,0,0,0,0,0,0,0,0,0
OTC,2002,NH,5219,5119,0,0,0,0,5219,5119,100
OTC,2002,NJ,17340,17340,0,0,0,0,17340,17340,0
OTC,2002,NY,46988,46988,28,28,0,0,47016,47016,0
OTC,2002,PA,93507,93507,51,51,0,0,93558,93558,0
OTC,2002,RI,626,626,0,0,0,0,626,626,0
OTC,2002,VA,0,0,0,0,0,0,0,0,0
OTC,2002,VT,0,0,0,0,0,0,0,0,0
NBP,2003,CT,4477,4477,0,0,473,473,4950,4950,0
NBP,2003,DC,233,222,0,0,0,0,233,222,11
NBP,2003,DE,5227,5227,0,0,168,168,5395,5395,0
NBP,2003,MA,12861,12861,0,0,473,473,13334,13334,0
NBP,2003,MD,15466,15466,0,0,3840,2217,19306,17683,1623
NBP,2003,NJ,8200,8200,0,0,1550,1550,9750,9750,0
NBP,2003,NY,41350,41332,47,47,2764,2370,44161,43749,412
NBP,2003,PA,50843,50843,0,0,15763,15763,66606,66606,0
NBP,2003,RI,936,677,0,0,0,0,936,677,259
NBP,2003,VA,0,0,0,0,0,0,0,0,0
NBP,2004,AL,25497,25497,0,0,8962,8962,34459,34459,0
NBP,2004,CT,4477,4466,0,0,0,0,4477,4466,11
NBP,2004,DC,233,222,0,0,0,0,233,222,11
NBP,2004,DE,5227,5227,0,0,0,0,5227,5227,0
NBP,2004,IL,35557,35520,0,0,17688,17687,53245,53207,38
NBP,2004,IN,55729,55675,0,0,19915,19915,75644,75590,54
NBP,2004,KY,36224,36221,0,0,13520,13466,49744,49687,57
NBP,2004,MA,12861,12861,0,0,0,0,12861,12861,0
NBP,2004,MD,15466,15466,0,0,0,0,15466,15466,0
NBP,2004,MI,31247,31247,0,0,9907,9907,41154,41154,0
NBP,2004,NC,31447,31447,0,0,10737,10737,42184,42184,0
NBP,2004,NJ,13022,13022,0,0,0,0,13022,13022,0
NBP,2004,NY,41350,41336,38,38,0,0,41388,41374,14
NBP,2004,OH,49499,49463,566,566,22301,22301,72366,72330,36
NBP,2004,PA,50843,50843,0,0,0,0,50843,50843,0
NBP,2004,RI,936,677,0,0,0,0,936,677,259
NBP,2004,SC,19678,19678,0,0,5344,5344,25022,25022,0
NBP,2004,TN,31480,31258,0,0,10565,10565,42045,41823,222
NBP,2004,VA,21195,21195,0,0,5504,5504,26699,26699,0
NBP,2004,WV,29043,29043,463,463,16709,16709,46215,46215,0
NBP,2005,AL,25497,25497,0,0,0,0,25497,25497,0
NBP,2005,CT,4477,4466,0,0,0,0,4477,4466,11
NBP,2005,DC,233,222,0,0,0,0,233,222,11
NBP,2005,DE,5227,5227,0,0,0,0,5227,5227,0
NBP,2005,IL,35557,35516,0,0,0,0,35557,35516,41
NBP,2005,IN,55729,55729,0,0,0,0,55729,55729,0
NBP,2005,KY,36224,36221,0,0,0,0,36224,36221,3
NBP,2005,MA,12861,12861,0,0,0,0,12861,12861,0
NBP,2005,MD,15466,15466,0,0,0,0,15466,15466,0
NBP,2005,MI,31247,31247,0,0,0,0,31247,31247,0
NBP,2005,NC,41547,41547,0,0,0,0,41547,41547,0
NBP,2005,NJ,13022,13022,0,0,0,0,13022,13022,0
NBP,2005,NY,41350,41325,30,30,0,0,41380,41355,25
NBP,2005,OH,49499,49463,476,476,0,0,49975,49939,36
NBP,2005,PA,50843,50843,0,0,0,0,50843,50843,0
NBP,2005,RI,936,677,0,0,0,0,936,677,259
NBP,2005,SC,19678,19678,0,0,0,0,19678,19678,0
NBP,2005,TN,31480,31248,0,0,0,0,31480,31248,232
NBP,2005,VA,21195,21195,0,0,0,0,21195,21195,0
NBP,2005,WV,29043,29043,458,458,0,0,29501,29501,0
NBP,2006,AL,25497,25497,0,0,0,0,25497,25497,0
NBP,2006,CT,4477,4466,0,0,0,0,4477,4466,11
NBP,2006,DC,233,222,0,0,0,0,233,222,11
NBP,2006,DE,5227,5227,0,0,0,0,5227,5227,0
NBP,2006,IL,35557,35513,0,0,0,0,35557,35513,44
NBP,2006,IN,55729,55729,0,0,0,0,55729,55729,0
NBP,2006,KY,36224,36221,0,0,0,0,36224,36221,3
NBP,2006,MA,12861,12861,0,0,0,0,12861,12861,0
NBP,2006,MD,15466,15466,0,0,0,0,15466,15466,0
NBP,2006,MI,31247,31247,0,0,0,0,31247,31247,0
NBP,2006,NC,34632,34632,0,0,0,0,34632,34632,0
NBP,2006,NJ,13022,13022,0,0,0,0,13022,13022,0
NBP,2006,NY,41350,41269,47,47,0,0,41397,41316,81
NBP,2006,OH,49499,49463,479,479,0,0,49978,49942,36
NBP,2006,PA,50843,50843,0,0,0,0,50843,50843,0
NBP,2006,RI,936,677,0,0,0,0,936,677,259
NBP,2006,SC,19678,19678,0,0,0,0,19678,19678,0
NBP,2006,TN,31480,31248,0,0,0,0,31480,31248,232
NBP,2006,VA,21195,21195,0,0,0,0,21195,21195,0
NBP,2006,WV,29043,29043,464,464,0,0,29507,29507,0
NBP,2007,AL,25497,25497,0,0,0,0,25497,25497,0
NBP,2007,CT,4477,4466,0,0,0,0,4477,4466,11
NBP,2007,DC,233,222,0,0,0,0,233,222,11
NBP,2007,DE,5227,5227,0,0,0,0,5227,5227,0
NBP,2007,IL,35557,35557,0,0,0,0,35557,35557,0
NBP,2007,IN,55729,55726,0,0,0,0,55729,55726,3
NBP,2007,KY,36109,36108,0,0,0,0,36109,36108,1
NBP,2007,MA,12861,12474,0,0,0,0,12861,12474,387
NBP,2007,MD,15466,15466,0,0,0,0,15466,15466,0
NBP,2007,MI,31247,31247,0,0,0,0,31247,31247,0
NBP,2007,MO,13459,13447,0,0,5630,5630,19089,19077,12
NBP,2007,NC,34713,34713,0,0,0,0,34713,34713,0
NBP,2007,NJ,13022,13022,0,0,0,0,13022,13022,0
NBP,2007,NY,41350,41343,47,47,0,0,41397,41390,7
NBP,2007,OH,49463,49463,511,511,0,0,49974,49974,0
NBP,2007,PA,50843,50843,0,0,0,0,50843,50843,0
NBP,2007,RI,936,677,0,0,0,0,936,677,259
NBP,2007,SC,19678,19678,0,0,0,0,19678,19678,0
NBP,2007,TN,31480,31248,0,0,0,0,31480,31248,232
NBP,2007,VA,21195,21195,0,0,0,0,21195,21195,0
NBP,2007,WV,29043,29043,464,464,0,0,29507,29507,0
NBP,2008,AL,25497,25497,0,0,0,0,25497,25497,0
NBP,2008,CT,4477,4466,0,0,0,0,4477,4466,11
NBP,2008,DC,233,222,0,0,0,0,233,222,11
NBP,2008,DE,5227,5227,0,0,0,0,5227,5227,0
NBP,2008,IL,35557,35557,0,0,0,0,35557,35557,0
NBP,2008,IN,55729,55726,0,0,0,0,55729,55726,3
NBP,2008,KY,36109,36108,0,0,0,0,36109,36108,1
NBP,2008,MA,12861,12475,0,0,0,0,12861,12475,386
NBP,2008,MD,15466,15466,0,0,0,0,15466,15466,0
NBP,2008,MI,31247,31247,0,0,0,0,31247,31247,0
NBP,2008,MO,13459,13447,0,0,0,0,13459,13447,12
NBP,2008,NC,34703,34703,0,0,0,0,34703,34703,0
NBP,2008,NJ,13022,13022,0,0,0,0,13022,13022,0
NBP,2008,NY,41350,40041,35,35,0,0,41385,40076,1309
NBP,2008,OH,49464,49464,378,378,0,0,49842,49842,0
NBP,2008,PA,50843,50843,0,0,0,0,50843,50843,0
NBP,2008,RI,936,677,0,0,0,0,936,677,259
NBP,2008,SC,19678,19678,0,0,0,0,19678,19678,0
NBP,2008,TN,31480,31248,0,0,0,0,31480,31248,232
NBP,2008,VA,21195,21195,0,0,0,0,21195,21195,0
NBP,2008,WV,29043,27591,464,464,0,0,29507,28055,1452
NBP,2009,AL,25497,25189,0,0,0,0,25497,25189,308
CAIROS,2009,AL,34510,34510,0,0,0,0,34510,34510,0
CAIRNOX,2009,AL,69020,69020,0,0,10166,10166,79186,79186,0
CAIROS,2009,AR,11515,11515,0,0,0,0,11515,11515,0
CAIROS,2009,CT,2691,2691,0,0,0,0,2691,2691,0
CAIROS,2009,DC,112,112,0,0,0,0,112,112,0
CAIRNOX,2009,DC,144,144,0,0,0,0,144,144,0
CAIROS,2009,DE,2226,2226,0,0,0,0,2226,2226,0
CAIRNOX,2009,DE,4166,4166,0,0,0,0,4166,4166,0
CAIROS,2009,FL,47912,47912,0,0,0,0,47912,47912,0
CAIRNOX,2009,FL,99445,99445,0,0,8335,8335,107780,107780,0
CAIRNOX,2009,GA,66321,66320,0,0,12397,12397,78718,78717,1
CAIROS,2009,IA,14263,14263,0,0,0,0,14263,14263,0
CAIRNOX,2009,IA,32692,32692,0,0,6978,6978,39670,39670,0
CAIROS,2009,IL,30701,30701,0,0,0,0,30701,30701,0
CAIRNOX,2009,IL,76230,76230,0,0,0,0,76230,76230,0
NBP,2009,IN,55729,55726,0,0,0,0,55729,55726,3
CAIROS,2009,IN,65053,56939,0,0,0,0,65053,56939,8114
CAIRNOX,2009,IN,108935,108934,0,0,20155,20155,129090,129089,1
CAIROS,2009,KY,36109,36109,0,0,0,0,36109,36109,0
CAIRNOX,2009,KY,83205,83205,0,0,12623,12623,95828,95828,0
CAIROS,2009,LA,17085,17085,0,0,0,0,17085,17085,0
CAIRNOX,2009,LA,35512,35512,0,0,2251,2251,37763,37763,0
CAIROS,2009,MA,7914,7914,0,0,0,0,7914,7914,0
CAIROS,2009,MD,12834,12834,0,0,0,0,12834,12834,0
CAIRNOX,2009,MD,27724,27724,0,0,4670,4670,32394,32394,0
CAIROS,2009,MI,31180,31180,0,0,0,0,31180,31180,0
NBP,2009,MI,31247,31247,0,0,0,0,31247,31247,0
CAIRNOX,2009,MI,65304,65304,0,0,4297,4297,69601,69601,0
CAIRNOX,2009,MN,31443,29875,0,0,0,0,31443,29875,1568
CAIROS,2009,MO,26692,26692,0,0,0,0,26692,26692,0
CAIRNOX,2009,MO,59871,59871,0,0,9044,9044,68915,68915,0
CAIROS,2009,MS,8714,8714,0,0,0,0,8714,8714,0
CAIRNOX,2009,MS,17807,17807,0,0,3066,3066,20873,20873,0
CAIROS,2009,NC,30835,30834,0,0,0,0,30835,30834,1
CAIRNOX,2009,NC,62183,62183,0,0,0,0,62183,62183,0
CAIROS,2009,NJ,6654,6654,0,0,0,0,6654,6654,0
CAIRNOX,2009,NJ,12670,12670,0,0,0,0,12670,12670,0
CAIROS,2009,NY,31091,31055,0,0,0,0,31091,31055,36
CAIRNOX,2009,NY,45617,45617,0,0,0,0,45617,45617,0
CAIROS,2009,OH,49694,49454,0,0,0,0,49694,49454,240
CAIRNOX,2009,OH,108667,108665,0,0,25037,25037,133704,133702,2
CAIROS,2009,PA,42171,42133,0,0,0,0,42171,42133,38
CAIRNOX,2009,PA,99049,98993,0,0,6802,6802,105851,105795,56
CAIROS,2009,SC,18728,18728,0,0,0,0,18728,18728,0
CAIRNOX,2009,SC,32662,32662,0,0,2600,707,35262,33369,1893
CAIROS,2009,TN,28508,27848,0,0,0,0,28508,27848,660
CAIRNOX,2009,TN,50973,50973,0,0,8944,8944,59917,59917,0
CAIRNOX,2009,TX,181014,180969,0,0,772,772,181786,181741,45
CAIROS,2009,VA,20098,19734,0,0,0,0,20098,19734,364
CAIRNOX,2009,VA,36074,36074,0,0,5134,5134,41208,41208,0
CAIROS,2009,WI,17987,17987,0,0,0,0,17987,17987,0
CAIRNOX,2009,WI,40759,40759,0,0,4898,4898,45657,45657,0
CAIROS,2009,WV,29421,29421,0,0,0,0,29421,29421,0
CAIRNOX,2009,WV,74220,74220,0,0,16929,16929,91149,91149,0
CAIROS,2010,AL,34510,34510,0,0,0,0,34510,34510,0
CAIRNOX,2010,AL,69020,69020,0,0,0,0,69020,69020,0
CAIROS,2010,AR,11515,11515,0,0,0,0,11515,11515,0
CAIROS,2010,CT,2691,2691,0,0,0,0,2691,2691,0
CAIROS,2010,DC,112,112,0,0,0,0,112,112,0
CAIRNOX,2010,DC,144,144,0,0,0,0,144,144,0
CAIROS,2010,DE,2226,2226,0,0,0,0,2226,2226,0
CAIRNOX,2010,DE,4166,4166,0,0,0,0,4166,4166,0
CAIROS,2010,FL,47912,47912,0,0,0,0,47912,47912,0
CAIRNOX,2010,FL,99445,99445,0,0,0,0,99445,99445,0
CAIRNOX,2010,GA,66321,66320,0,0,0,0,66321,66320,1
CAIROS,2010,IA,14263,14263,0,0,0,0,14263,14263,0
CAIRNOX,2010,IA,32692,32692,0,0,0,0,32692,32692,0
CAIROS,2010,IL,30701,30701,0,0,0,0,30701,30701,0
CAIRNOX,2010,IL,76230,76229,0,0,0,0,76230,76229,1
CAIROS,2010,IN,65053,55729,0,0,0,0,65053,55729,9324
CAIRNOX,2010,IN,108935,108934,0,0,0,0,108935,108934,1
CAIROS,2010,KY,36109,36109,0,0,0,0,36109,36109,0
CAIRNOX,2010,KY,83205,83205,0,0,0,0,83205,83205,0
CAIROS,2010,LA,17085,17085,0,0,0,0,17085,17085,0
CAIRNOX,2010,LA,35512,35512,0,0,0,0,35512,35512,0
CAIROS,2010,MA,7914,7914,0,0,0,0,7914,7914,0
CAIROS,2010,MD,12834,12834,0,0,0,0,12834,12834,0
CAIRNOX,2010,MD,27724,27724,0,0,0,0,27724,27724,0
CAIROS,2010,MI,31180,31180,0,0,0,0,31180,31180,0
CAIRNOX,2010,MI,65304,65171,0,0,0,0,65304,65171,133
CAIROS,2010,MO,26678,26678,0,0,0,0,26678,26678,0
CAIRNOX,2010,MO,59871,59871,0,0,0,0,59871,59871,0
CAIROS,2010,MS,8714,8714,0,0,0,0,8714,8714,0
CAIRNOX,2010,MS,17807,17807,0,0,0,0,17807,17807,0
CAIROS,2010,NC,30835,30834,0,0,0,0,30835,30834,1
CAIRNOX,2010,NC,62183,62183,0,0,0,0,62183,62183,0
CAIROS,2010,NJ,6654,6654,0,0,0,0,6654,6654,0
CAIRNOX,2010,NJ,12670,12670,0,0,0,0,12670,12670,0
CAIROS,2010,NY,31091,31091,0,0,0,0,31091,31091,0
CAIRNOX,2010,NY,45617,45617,0,0,0,0,45617,45617,0
CAIROS,2010,OH,49694,49276,0,0,0,0,49694,49276,418
CAIRNOX,2010,OH,108667,108665,0,0,0,0,108667,108665,2
CAIROS,2010,PA,42171,42148,0,0,0,0,42171,42148,23
CAIRNOX,2010,PA,99049,99027,0,0,0,0,99049,99027,22
CAIROS,2010,SC,18728,18632,0,0,0,0,18728,18632,96
CAIRNOX,2010,SC,32662,32661,0,0,0,0,32662,32661,1
CAIROS,2010,TN,28508,27848,0,0,0,0,28508,27848,660
CAIRNOX,2010,TN,50973,50973,0,0,0,0,50973,50973,0
CAIRNOX,2010,TX,181014,181007,0,0,0,0,181014,181007,7
CAIROS,2010,VA,20098,19734,0,0,0,0,20098,19734,364
CAIRNOX,2010,VA,36074,36074,0,0,0,0,36074,36074,0
CAIROS,2010,WI,17987,17987,0,0,0,0,17987,17987,0
CAIRNOX,2010,WI,40759,40759,0,0,0,0,40759,40759,0
CAIROS,2010,WV,29421,29421,0,0,0,0,29421,29421,0
CAIRNOX,2010,WV,74220,74220,0,0,0,0,74220,74220,0
CAIROS,2011,AL,34510,34510,0,0,0,0,34510,34510,0
CAIRNOX,2011,AL,69020,69020,0,0,0,0,69020,69020,0
CAIROS,2011,AR,11515,11515,0,0,0,0,11515,11515,0
CAIROS,2011,CT,2691,2691,0,0,0,0,2691,2691,0
CAIROS,2011,DC,112,112,0,0,0,0,112,112,0
CAIRNOX,2011,DC,144,144,0,0,0,0,144,144,0
CAIROS,2011,DE,2226,2226,0,0,0,0,2226,2226,0
CAIRNOX,2011,DE,4166,4166,0,0,0,0,4166,4166,0
CAIROS,2011,FL,47912,47912,0,0,0,0,47912,47912,0
CAIRNOX,2011,FL,99445,99445,0,0,0,0,99445,99445,0
CAIRNOX,2011,GA,66321,66320,0,0,0,0,66321,66320,1
CAIROS,2011,IA,14263,14263,0,0,0,0,14263,14263,0
CAIRNOX,2011,IA,32692,32692,0,0,0,0,32692,32692,0
CAIROS,2011,IL,30701,30701,0,0,0,0,30701,30701,0
CAIRNOX,2011,IL,76230,76230,0,0,0,0,76230,76230,0
CAIROS,2011,IN,65053,55729,0,0,0,0,65053,55729,9324
CAIRNOX,2011,IN,108935,108934,0,0,0,0,108935,108934,1
CAIROS,2011,KY,36109,36109,0,0,0,0,36109,36109,0
CAIRNOX,2011,KY,83205,83205,0,0,0,0,83205,83205,0
CAIROS,2011,LA,17085,17085,0,0,0,0,17085,17085,0
CAIRNOX,2011,LA,35512,35512,0,0,0,0,35512,35512,0
CAIROS,2011,MA,7914,7857,0,0,0,0,7914,7857,57
CAIROS,2011,MD,12834,12834,0,0,0,0,12834,12834,0
CAIRNOX,2011,MD,27724,27724,0,0,0,0,27724,27724,0
CAIROS,2011,MI,31180,30316,0,0,0,0,31180,30316,864
CAIRNOX,2011,MI,65304,65304,0,0,0,0,65304,65304,0
CAIROS,2011,MO,26678,26678,0,0,0,0,26678,26678,0
CAIRNOX,2011,MO,59871,59871,0,0,0,0,59871,59871,0
CAIROS,2011,MS,8714,8714,0,0,0,0,8714,8714,0
CAIRNOX,2011,MS,17807,17807,0,0,0,0,17807,17807,0
CAIROS,2011,NC,30835,30834,0,0,0,0,30835,30834,1
CAIRNOX,2011,NC,62183,62183,0,0,0,0,62183,62183,0
CAIROS,2011,NJ,6654,6654,0,0,0,0,6654,6654,0
CAIRNOX,2011,NJ,12670,12670,0,0,0,0,12670,12670,0
CAIROS,2011,NY,31091,29756,0,0,0,0,31091,29756,1335
CAIRNOX,2011,NY,45617,45617,0,0,0,0,45617,45617,0
CAIROS,2011,OH,49694,49599,0,0,0,0,49694,49599,95
CAIRNOX,2011,OH,108667,108665,0,0,0,0,108667,108665,2
CAIROS,2011,PA,42171,42124,0,0,0,0,42171,42124,47
CAIRNOX,2011,PA,99049,98999,0,0,0,0,99049,98999,50
CAIROS,2011,SC,18728,18218,0,0,0,0,18728,18218,510
CAIRNOX,2011,SC,32662,32662,0,0,0,0,32662,32662,0
CAIROS,2011,TN,28508,27674,0,0,0,0,28508,27674,834
CAIRNOX,2011,TN,50973,50973,0,0,0,0,50973,50973,0
CAIRNOX,2011,TX,181014,181007,0,0,0,0,181014,181007,7
CAIROS,2011,VA,20098,19378,0,0,0,0,20098,19378,720
CAIRNOX,2011,VA,36074,36074,0,0,0,0,36074,36074,0
CAIROS,2011,WI,17987,17987,0,0,0,0,17987,17987,0
CAIRNOX,2011,WI,40759,40759,0,0,0,0,40759,40759,0
CAIROS,2011,WV,29404,29404,0,0,0,0,29404,29404,0
CAIRNOX,2011,WV,74220,74220,0,0,0,0,74220,74220,0
CSNOXOS,2012,AL,31107,31089,0,0,0,0,31107,31089,18
CAIROS,2012,AL,34510,34510,0,0,0,0,34510,34510,0
CAIRNOX,2012,AL,69020,69020,0,0,0,0,69020,69020,0
CSNOX,2012,AL,71234,71215,0,0,0,0,71234,71215,19
CSSO2G2,2012,AL,211715,211715,0,0,0,0,211715,211715,0
CAIROS,2012,AR,11515,11515,0,0,0,0,11515,11515,0
CSNOXOS,2012,AR,14285,14285,0,0,0,0,14285,14285,0
CAIROS,2012,CT,2691,2691,0,0,0,0,2691,2691,0
CAIROS,2012,DC,112,112,0,0,0,0,112,112,0
CAIRNOX,2012,DC,144,144,0,0,0,0,144,144,0
CAIROS,2012,DE,2226,2226,0,0,0,0,2226,2226,0
CAIRNOX,2012,DE,4166,4166,0,0,0,0,4166,4166,0
CSNOXOS,2012,FL,27262,26417,0,0,0,0,27262,26417,845
CAIROS,2012,FL,47912,47912,0,0,0,0,47912,47912,0
CAIRNOX,2012,FL,99445,99445,0,0,0,0,99445,99445,0
CSNOXOS,2012,GA,27385,16397,0,0,0,0,27385,16397,10988
CSNOX,2012,GA,60773,35088,0,0,0,0,60773,35088,25685
CAIRNOX,2012,GA,66321,66321,0,0,0,0,66321,66321,0
CSSO2G2,2012,GA,155345,88144,0,0,0,0,155345,88144,67201
CAIROS,2012,IA,14263,14263,0,0,0,0,14263,14263,0
CAIRNOX,2012,IA,32692,32692,0,0,0,0,32692,32692,0
CSNOX,2012,IA,37565,37565,0,0,0,0,37565,37565,0
CSSO2G1,2012,IA,104944,104944,0,0,0,0,104944,104944,0
CSNOXOS,2012,IL,19511,19497,0,0,0,0,19511,19497,14
CAIROS,2012,IL,30701,30700,0,0,0,0,30701,30700,1
CSNOX,2012,IL,44041,44017,0,0,0,0,44041,44017,24
CAIRNOX,2012,IL,76230,76230,0,0,0,0,76230,76230,0
CSSO2G1,2012,IL,223135,223061,0,0,0,0,223135,223061,74
CSNOXOS,2012,IN,45467,45441,0,0,0,0,45467,45441,26
CAIROS,2012,IN,65053,55729,0,0,0,0,65053,55729,9324
CSNOX,2012,IN,104574,104374,0,0,0,0,104574,104374,200
CAIRNOX,2012,IN,108935,108934,0,0,0,0,108935,108934,1
CSSO2G1,2012,IN,276855,276847,0,0,0,0,276855,276847,8
CSNOX,2012,KS,30097,30039,0,0,0,0,30097,30039,58
CSSO2G2,2012,KS,30729,30719,0,0,0,0,30729,30719,10
CSNOXOS,2012,KY,34715,34715,0,0,0,0,34715,34715,0
CAIROS,2012,KY,36109,36109,0,0,0,0,36109,36109,0
CSNOX,2012,KY,81682,81682,0,0,0,0,81682,81682,0
CAIRNOX,2012,KY,83205,83205,0,0,0,0,83205,83205,0
CSSO2G1,2012,KY,218699,218699,0,0,0,0,218699,218699,0
CSNOXOS,2012,LA,13030,9942,0,0,0,0,13030,9942,3088
CAIROS,2012,LA,17085,17085,0,0,0,0,17085,17085,0
CAIRNOX,2012,LA,35512,35512,0,0,0,0,35512,35512,0
CAIROS,2012,MA,7914,7570,0,0,0,0,7914,7570,344
CSNOXOS,2012,MD,7035,6775,0,0,0,0,7035,6775,260
CAIROS,2012,MD,12834,12834,0,0,0,0,12834,12834,0
CSNOX,2012,MD,16298,15687,0,0,0,0,16298,15687,611
CAIRNOX,2012,MD,27724,27724,0,0,0,0,27724,27724,0
CSSO2G1,2012,MD,29514,28267,0,0,0,0,29514,28267,1247
CAIROS,2012,MI,31180,31180,0,0,0,0,31180,31180,0
CSNOX,2012,MI,58988,55869,0,0,0,0,58988,55869,3119
CAIRNOX,2012,MI,65304,65304,0,0,0,0,65304,65304,0
CSSO2G1,2012,MI,224710,212758,0,0,0,0,224710,212758,11952
CSNOX,2012,MN,28977,27818,0,0,0,0,28977,27818,1159
CSSO2G2,2012,MN,41139,39893,0,0,0,0,41139,39893,1246
CAIROS,2012,MO,26678,26678,0,0,0,0,26678,26678,0
CSNOX,2012,MO,50795,50795,0,0,0,0,50795,50795,0
CAIRNOX,2012,MO,59871,59871,0,0,0,0,59871,59871,0
CSSO2G1,2012,MO,203312,203312,0,0,0,0,203312,203312,0
CAIROS,2012,MS,8714,8714,0,0,0,0,8714,8714,0
CSNOXOS,2012,MS,9957,8641,0,0,0,0,9957,8641,1316
CAIRNOX,2012,MS,17807,17807,0,0,0,0,17807,17807,0
CSNOXOS,2012,NC,20836,20836,0,0,0,0,20836,20836,0
CAIROS,2012,NC,30835,30834,0,0,0,0,30835,30834,1
CSNOX,2012,NC,47557,47557,0,0,0,0,47557,47557,0
CAIRNOX,2012,NC,62183,62183,0,0,0,0,62183,62183,0
CSSO2G1,2012,NC,125927,125927,0,0,0,0,125927,125927,0
CSNOX,2012,NE,24591,24587,0,0,0,0,24591,24587,4
CSSO2G2,2012,NE,62448,62440,0,0,0,0,62448,62440,8
CSNOXOS,2012,NJ,3307,2785,0,0,0,0,3307,2785,522
CSSO2G1,2012,NJ,5464,4186,0,0,0,0,5464,4186,1278
CAIROS,2012,NJ,6654,6654,0,0,0,0,6654,6654,0
CSNOX,2012,NJ,7115,5857,0,0,0,0,7115,5857,1258
CAIRNOX,2012,NJ,12670,12670,0,0,0,0,12670,12670,0
CSNOXOS,2012,NY,8078,7864,0,0,0,0,8078,7864,214
CSNOX,2012,NY,17001,16424,0,0,0,0,17001,16424,577
CSSO2G1,2012,NY,26769,26434,0,0,0,0,26769,26434,335
CAIROS,2012,NY,31091,31063,0,0,0,0,31091,31063,28
CAIRNOX,2012,NY,45617,45597,0,0,0,0,45617,45597,20
CSNOXOS,2012,OH,39263,38759,0,0,0,0,39263,38759,504
CAIROS,2012,OH,49694,49492,0,0,0,0,49694,49492,202
CSNOX,2012,OH,90842,89736,0,0,0,0,90842,89736,1106
CAIRNOX,2012,OH,108667,108665,0,0,0,0,108667,108665,2
CSSO2G1,2012,OH,304022,300352,0,0,0,0,304022,300352,3670
CAIROS,2012,PA,42171,42171,0,0,0,0,42171,42171,0
CSNOXOS,2012,PA,51158,51004,0,0,0,0,51158,51004,154
CAIRNOX,2012,PA,99049,99049,0,0,0,0,99049,99049,0
CSNOX,2012,PA,117586,117265,0,0,0,0,117586,117265,321
CSSO2G1,2012,PA,273070,271762,0,0,0,0,273070,271762,1308
CSNOXOS,2012,SC,13630,13327,0,0,0,0,13630,13327,303
CAIROS,2012,SC,18728,18167,0,0,0,0,18728,18167,561
CSNOX,2012,SC,31845,31516,0,0,0,0,31845,31516,329
CAIRNOX,2012,SC,32662,31682,0,0,0,0,32662,31682,980
CSSO2G2,2012,SC,86848,85697,0,0,0,0,86848,85697,1151
CSNOXOS,2012,TN,14612,14612,0,0,0,0,14612,14612,0
CAIROS,2012,TN,28508,27848,0,0,0,0,28508,27848,660
CSNOX,2012,TN,34988,34988,0,0,0,0,34988,34988,0
CAIRNOX,2012,TN,50973,50973,0,0,0,0,50973,50973,0
CSSO2G1,2012,TN,145188,145188,0,0,0,0,145188,145188,0
CSNOXOS,2012,TX,60573,56421,0,0,0,0,60573,56421,4152
CSNOX,2012,TX,128707,119757,0,0,0,0,128707,119757,8950
CAIRNOX,2012,TX,181014,181007,0,0,0,0,181014,181007,7
CSSO2G2,2012,TX,230986,230592,0,0,0,0,230986,230592,394
CSNOXOS,2012,VA,13733,13733,0,0,0,0,13733,13733,0
CAIROS,2012,VA,20098,19378,0,0,0,0,20098,19378,720
CSNOX,2012,VA,31579,31579,0,0,0,0,31579,31579,0
CAIRNOX,2012,VA,36074,36074,0,0,0,0,36074,36074,0
CSSO2G1,2012,VA,67986,67986,0,0,0,0,67986,67986,0
CAIROS,2012,WI,17987,17987,0,0,0,0,17987,17987,0
CSNOX,2012,WI,29734,29734,0,0,0,0,29734,29734,0
CAIRNOX,2012,WI,40759,40759,0,0,0,0,40759,40759,0
CSSO2G1,2012,WI,75501,75501,0,0,0,0,75501,75501,0
CSNOXOS,2012,WV,24020,24020,0,0,0,0,24020,24020,0
CAIROS,2012,WV,29485,29485,0,0,0,0,29485,29485,0
CSNOX,2012,WV,56495,56495,0,0,0,0,56495,56495,0
CAIRNOX,2012,WV,74220,74220,0,0,0,0,74220,74220,0
CSSO2G1,2012,WV,135943,135943,0,0,0,0,135943,135943,0
CAIROS,2013,AL,34510,34510,0,0,0,0,34510,34510,0
CAIRNOX,2013,AL,69020,69020,0,0,0,0,69020,69020,0
CSNOX,2013,AL,71234,0,0,0,0,0,71234,0,71234
CSSO2G2,2013,AL,208987,0,0,0,0,0,208987,0,208987
CAIROS,2013,AR,11515,11515,0,0,0,0,11515,11515,0
CSNOXOS,2013,AR,14285,14285,0,0,0,0,14285,14285,0
CAIROS,2013,CT,2691,2691,0,0,0,0,2691,2691,0
CAIROS,2013,DC,112,106,0,0,0,0,112,106,6
CAIRNOX,2013,DC,144,137,0,0,0,0,144,137,7
CAIROS,2013,DE,2226,2116,0,0,0,0,2226,2116,110
CAIRNOX,2013,DE,4166,3956,0,0,0,0,4166,3956,210
CSNOXOS,2013,FL,27262,0,0,0,0,0,27262,0,27262
CAIROS,2013,FL,47912,47912,0,0,0,0,47912,47912,0
CAIRNOX,2013,FL,99445,99445,0,0,0,0,99445,99445,0
CSNOXOS,2013,GA,27385,16397,0,0,0,0,27385,16397,10988
CSNOX,2013,GA,60773,35088,0,0,0,0,60773,35088,25685
CAIRNOX,2013,GA,66321,66321,0,0,0,0,66321,66321,0
CSSO2G2,2013,GA,155345,88144,0,0,0,0,155345,88144,67201
CAIROS,2013,IA,14263,14263,0,0,0,0,14263,14263,0
CAIRNOX,2013,IA,32692,32692,0,0,0,0,32692,32692,0
CSNOX,2013,IA,37565,37565,0,0,0,0,37565,37565,0
CSSO2G1,2013,IA,104944,104944,0,0,0,0,104944,104944,0
CSNOXOS,2013,IL,19511,19497,0,0,0,0,19511,19497,14
CAIROS,2013,IL,30701,30701,0,0,0,0,30701,30701,0
CSNOX,2013,IL,44041,44017,0,0,0,0,44041,44017,24
CAIRNOX,2013,IL,76230,76228,0,0,0,0,76230,76228,2
CSSO2G1,2013,IL,223135,223061,0,0,0,0,223135,223061,74
CSNOXOS,2013,IN,45467,45441,0,0,0,0,45467,45441,26
CAIROS,2013,IN,65053,55729,0,0,0,0,65053,55729,9324
CSNOX,2013,IN,102792,102592,0,0,0,0,102792,102592,200
CAIRNOX,2013,IN,108935,108934,0,0,0,0,108935,108934,1
CSSO2G1,2013,IN,273868,273860,0,0,0,0,273868,273860,8
CSNOX,2013,KS,30097,0,0,0,0,0,30097,0,30097
CSSO2G2,2013,KS,30729,0,0,0,0,0,30729,0,30729
CSNOXOS,2013,KY,34715,34715,0,0,0,0,34715,34715,0
CAIROS,2013,KY,36109,36109,0,0,0,0,36109,36109,0
CSNOX,2013,KY,81682,81682,0,0,0,0,81682,81682,0
CAIRNOX,2013,KY,83205,83205,0,0,0,0,83205,83205,0
CSSO2G1,2013,KY,215301,215301,0,0,0,0,215301,215301,0
CSNOXOS,2013,LA,13030,0,0,0,0,0,13030,0,13030
CAIROS,2013,LA,17085,17085,0,0,0,0,17085,17085,0
CAIRNOX,2013,LA,35512,35512,0,0,0,0,35512,35512,0
CAIROS,2013,MA,7914,7227,0,0,0,0,7914,7227,687
CSNOXOS,2013,MD,7035,0,0,0,0,0,7035,0,7035
CAIROS,2013,MD,12834,12834,0,0,0,0,12834,12834,0
CSNOX,2013,MD,16298,0,0,0,0,0,16298,0,16298
CAIRNOX,2013,MD,27724,27724,0,0,0,0,27724,27724,0
CSSO2G1,2013,MD,29514,0,0,0,0,0,29514,0,29514
CAIROS,2013,MI,31180,31180,0,0,0,0,31180,31180,0
CSNOX,2013,MI,58988,55869,0,0,0,0,58988,55869,3119
CAIRNOX,2013,MI,65304,65304,0,0,0,0,65304,65304,0
CSSO2G1,2013,MI,224710,212758,0,0,0,0,224710,212758,11952
CSNOX,2013,MN,28977,27818,0,0,0,0,28977,27818,1159
CSSO2G2,2013,MN,41139,39893,0,0,0,0,41139,39893,1246
CAIROS,2013,MO,26678,26678,0,0,0,0,26678,26678,0
CSNOX,2013,MO,50795,0,0,0,0,0,50795,0,50795
CAIRNOX,2013,MO,59871,59871,0,0,0,0,59871,59871,0
CSSO2G1,2013,MO,203312,0,0,0,0,0,203312,0,203312
CAIROS,2013,MS,8714,8714,0,0,0,0,8714,8714,0
CSNOXOS,2013,MS,9957,0,0,0,0,0,9957,0,9957
CAIRNOX,2013,MS,17807,17807,0,0,0,0,17807,17807,0
CSNOXOS,2013,NC,20836,20836,0,0,0,0,20836,20836,0
CAIROS,2013,NC,30835,30834,0,0,0,0,30835,30834,1
CSNOX,2013,NC,47557,47557,0,0,0,0,47557,47557,0
CAIRNOX,2013,NC,62183,62183,0,0,0,0,62183,62183,0
CSSO2G1,2013,NC,125927,125927,0,0,0,0,125927,125927,0
CSNOX,2013,NE,24591,0,0,0,0,0,24591,0,24591
CSSO2G2,2013,NE,62448,0,0,0,0,0,62448,0,62448
CSNOXOS,2013,NJ,3307,2785,0,0,0,0,3307,2785,522
CSSO2G1,2013,NJ,5464,4186,0,0,0,0,5464,4186,1278
CAIROS,2013,NJ,6654,6653,0,0,0,0,6654,6653,1
CSNOX,2013,NJ,7115,5857,0,0,0,0,7115,5857,1258
CAIRNOX,2013,NJ,12670,12667,0,0,0,0,12670,12667,3
CSNOXOS,2013,NY,8078,0,0,0,0,0,8078,0,8078
CSNOX,2013,NY,17001,0,0,0,0,0,17001,0,17001
CSSO2G1,2013,NY,26769,0,0,0,0,0,26769,0,26769
CAIROS,2013,NY,31091,30444,0,0,0,0,31091,30444,647
CAIRNOX,2013,NY,45617,45617,0,0,0,0,45617,45617,0
CSNOXOS,2013,OH,38787,0,0,0,0,0,38787,0,38787
CAIROS,2013,OH,49694,49492,0,0,0,0,49694,49492,202
CSNOX,2013,OH,89777,0,0,0,0,0,89777,0,89777
CAIRNOX,2013,OH,108667,108665,0,0,0,0,108667,108665,2
CSSO2G1,2013,OH,300359,0,0,0,0,0,300359,0,300359
CAIROS,2013,PA,42171,42171,0,0,0,0,42171,42171,0
CSNOXOS,2013,PA,51158,0,0,0,0,0,51158,0,51158
CAIRNOX,2013,PA,99049,99049,0,0,0,0,99049,99049,0
CSNOX,2013,PA,117586,0,0,0,0,0,117586,0,117586
CSSO2G1,2013,PA,273070,0,0,0,0,0,273070,0,273070
CSNOXOS,2013,SC,13630,0,0,0,0,0,13630,0,13630
CAIROS,2013,SC,18728,18165,0,0,0,0,18728,18165,563
CSNOX,2013,SC,31845,0,0,0,0,0,31845,0,31845
CAIRNOX,2013,SC,32662,31682,0,0,0,0,32662,31682,980
CSSO2G2,2013,SC,86848,0,0,0,0,0,86848,0,86848
CSNOXOS,2013,TN,14612,14612,0,0,0,0,14612,14612,0
CAIROS,2013,TN,28508,27848,0,0,0,0,28508,27848,660
CSNOX,2013,TN,34988,34988,0,0,0,0,34988,34988,0
CAIRNOX,2013,TN,50973,50973,0,0,0,0,50973,50973,0
CSSO2G1,2013,TN,136727,136727,0,0,0,0,136727,136727,0
CSNOXOS,2013,TX,60573,56421,0,0,0,0,60573,56421,4152
CSNOX,2013,TX,128707,119757,0,0,0,0,128707,119757,8950
CAIRNOX,2013,TX,181014,181007,0,0,0,0,181014,181007,7
CSSO2G2,2013,TX,230986,230592,0,0,0,0,230986,230592,394
CSNOXOS,2013,VA,13733,13733,0,0,0,0,13733,13733,0
CAIROS,2013,VA,20098,19378,0,0,0,0,20098,19378,720
CSNOX,2013,VA,31579,31579,0,0,0,0,31579,31579,0
CAIRNOX,2013,VA,36074,36074,0,0,0,0,36074,36074,0
CSSO2G1,2013,VA,67986,67986,0,0,0,0,67986,67986,0
CAIROS,2013,WI,17987,17987,0,0,0,0,17987,17987,0
CSNOX,2013,WI,29734,29734,0,0,0,0,29734,29734,0
CAIRNOX,2013,WI,40759,40759,0,0,0,0,40759,40759,0
CSSO2G1,2013,WI,75501,75501,0,0,0,0,75501,75501,0
CSNOXOS,2013,WV,24020,24020,0,0,0,0,24020,24020,0
CAIROS,2013,WV,29481,29481,0,0,0,0,29481,29481,0
CSNOX,2013,WV,56495,56495,0,0,0,0,56495,56495,0
CAIRNOX,2013,WV,74220,74220,0,0,0,0,74220,74220,0
CSSO2G1,2013,WV,135943,135943,0,0,0,0,135943,135943,0
CAIROS,2014,AL,34510,34510,0,0,0,0,34510,34510,0
CAIRNOX,2014,AL,69020,69020,0,0,0,0,69020,69020,0
CAIROS,2014,AR,11515,11515,0,0,0,0,11515,11515,0
CAIROS,2014,CT,2691,2691,0,0,0,0,2691,2691,0
CAIROS,2014,DC,112,106,0,0,0,0,112,106,6
CAIRNOX,2014,DC,144,137,0,0,0,0,144,137,7
CAIROS,2014,DE,2226,2116,0,0,0,0,2226,2116,110
CAIRNOX,2014,DE,4166,3956,0,0,0,0,4166,3956,210
CAIROS,2014,FL,47912,47912,0,0,0,0,47912,47912,0
CAIRNOX,2014,FL,99445,99445,0,0,0,0,99445,99445,0
CAIRNOX,2014,GA,66321,66321,0,0,0,0,66321,66321,0
CAIROS,2014,IA,14263,14263,0,0,0,0,14263,14263,0
CAIRNOX,2014,IA,32692,32692,0,0,0,0,32692,32692,0
CAIROS,2014,IL,30701,30700,0,0,0,0,30701,30700,1
CAIRNOX,2014,IL,76230,76224,0,0,0,0,76230,76224,6
CAIROS,2014,IN,65053,55729,0,0,0,0,65053,55729,9324
CAIRNOX,2014,IN,108935,108934,0,0,0,0,108935,108934,1
CAIROS,2014,KY,36109,36109,0,0,0,0,36109,36109,0
CAIRNOX,2014,KY,83205,83205,0,0,0,0,83205,83205,0
CAIROS,2014,LA,17085,17085,0,0,0,0,17085,17085,0
CAIRNOX,2014,LA,35512,35512,0,0,0,0,35512,35512,0
CAIROS,2014,MA,7914,6729,0,0,0,0,7914,6729,1185
CAIROS,2014,MD,12834,12834,0,0,0,0,12834,12834,0
CAIRNOX,2014,MD,27724,27724,0,0,0,0,27724,27724,0
CAIROS,2014,MI,31180,31180,0,0,0,0,31180,31180,0
CAIRNOX,2014,MI,65304,65304,0,0,0,0,65304,65304,0
CAIROS,2014,MO,26678,26678,0,0,0,0,26678,26678,0
CAIRNOX,2014,MO,59871,59871,0,0,0,0,59871,59871,0
CAIROS,2014,MS,8714,8714,0,0,0,0,8714,8714,0
CAIRNOX,2014,MS,17807,17807,0,0,0,0,17807,17807,0
CAIROS,2014,NC,30835,30834,0,0,0,0,30835,30834,1
CAIRNOX,2014,NC,62183,62183,0,0,0,0,62183,62183,0
CAIROS,2014,NJ,6654,6365,0,0,0,0,6654,6365,289
CAIRNOX,2014,NJ,12670,9233,0,0,0,0,12670,9233,3437
CAIROS,2014,NY,31091,31080,0,0,0,0,31091,31080,11
CAIRNOX,2014,NY,45617,45617,0,0,0,0,45617,45617,0
CAIROS,2014,OH,49694,49383,0,0,0,0,49694,49383,311
CAIRNOX,2014,OH,108667,108665,0,0,0,0,108667,108665,2
CAIROS,2014,PA,42171,42171,0,0,0,0,42171,42171,0
CAIRNOX,2014,PA,99049,99049,0,0,0,0,99049,99049,0
CAIROS,2014,SC,18728,18165,0,0,0,0,18728,18165,563
CAIRNOX,2014,SC,32662,31682,0,0,0,0,32662,31682,980
CAIROS,2014,TN,28508,27848,0,0,0,0,28508,27848,660
CAIRNOX,2014,TN,50973,50973,0,0,0,0,50973,50973,0
CAIRNOX,2014,TX,181014,181007,0,0,0,0,181014,181007,7
CAIROS,2014,VA,20098,19734,0,0,0,0,20098,19734,364
CAIRNOX,2014,VA,36074,36074,0,0,0,0,36074,36074,0
CAIROS,2014,WI,17987,17987,0,0,0,0,17987,17987,0
CAIRNOX,2014,WI,40759,40759,0,0,0,0,40759,40759,0
CAIROS,2014,WV,29402,29402,0,0,0,0,29402,29402,0
CAIRNOX,2014,WV,74220,74220,0,0,0,0,74220,74220,0
CAIROS,2015,AL,29146,29146,0,0,0,0,29146,29146,0
CSNOXOS,2015,AL,31107,31107,0,0,0,0,31107,31107,0
CAIRNOX,2015,AL,57517,57517,0,0,0,0,57517,57517,0
CSNOX,2015,AL,71234,71234,0,0,0,0,71234,71234,0
CSSO2G2,2015,AL,211715,211715,0,0,0,0,211715,211715,0
CAIROS,2015,AR,9596,9596,0,0,0,0,9596,9596,0
CSNOXOS,2015,AR,14355,14355,0,0,0,0,14355,14355,0
CAIROS,2015,CT,2691,2289,0,0,0,0,2691,2289,402
CSNOXOS,2015,FL,28082,28082,0,0,0,0,28082,28082,0
CAIROS,2015,FL,39926,39926,0,0,0,0,39926,39926,0
CAIRNOX,2015,FL,82871,82871,0,0,0,0,82871,82871,0
CSNOXOS,2015,GA,27385,27385,0,0,0,0,27385,27385,0
CAIRNOX,2015,GA,55268,55268,0,0,0,0,55268,55268,0
CSNOX,2015,GA,60773,60773,0,0,0,0,60773,60773,0
CSSO2G2,2015,GA,155345,155345,0,0,0,0,155345,155345,0
CAIROS,2015,IA,11886,11529,0,0,0,0,11886,11529,357
CSNOXOS,2015,IA,16202,16202,0,0,0,0,16202,16202,0
CAIRNOX,2015,IA,27243,26426,0,0,0,0,27243,26426,817
CSNOX,2015,IA,37565,37565,0,0,0,0,37565,37565,0
CSSO2G1,2015,IA,104944,104944,0,0,0,0,104944,104944,0
CSNOXOS,2015,IL,19497,19497,0,0,0,0,19497,19497,0
CAIROS,2015,IL,28981,20281,0,0,0,0,28981,20281,8700
CSNOX,2015,IL,44017,44017,0,0,0,0,44017,44017,0
CAIRNOX,2015,IL,63525,44468,0,0,0,0,63525,44468,19057
CSSO2G1,2015,IL,223061,223061,0,0,0,0,223061,223061,0
CSNOXOS,2015,IN,45467,45467,0,0,0,0,45467,45467,0
CAIROS,2015,IN,58374,38593,0,0,0,0,58374,38593,19781
CAIRNOX,2015,IN,90779,88500,0,0,0,0,90779,88500,2279
CSNOX,2015,IN,106234,106234,0,0,0,0,106234,106234,0
CSSO2G1,2015,IN,282030,282030,0,0,0,0,282030,282030,0
CSNOX,2015,KS,30726,30726,0,0,0,0,30726,30726,0
CSSO2G2,2015,KS,41137,41137,0,0,0,0,41137,41137,0
CAIROS,2015,KY,30651,30632,0,0,0,0,30651,30632,19
CSNOXOS,2015,KY,34715,34715,0,0,0,0,34715,34715,0
CAIRNOX,2015,KY,69337,69337,0,0,0,0,69337,69337,0
CSNOX,2015,KY,81682,81682,0,0,0,0,81682,81682,0
CSSO2G1,2015,KY,218699,218699,0,0,0,0,218699,218699,0
CAIROS,2015,LA,14238,14238,0,0,0,0,14238,14238,0
CSNOXOS,2015,LA,17751,17751,0,0,0,0,17751,17751,0
CAIRNOX,2015,LA,29593,29593,0,0,0,0,29593,29593,0
CAIROS,2015,MA,6656,5658,0,0,0,0,6656,5658,998
CSNOXOS,2015,MD,7035,7035,0,0,0,0,7035,7035,0
CAIROS,2015,MD,10695,10695,0,0,0,0,10695,10695,0
CSNOX,2015,MD,16298,16298,0,0,0,0,16298,16298,0
CAIRNOX,2015,MD,23104,23104,0,0,0,0,23104,23104,0
CSSO2G1,2015,MD,29514,29514,0,0,0,0,29514,29514,0
CSNOXOS,2015,MI,27479,27479,0,0,0,0,27479,27479,0
CSNOX,2015,MI,64109,64109,0,0,0,0,64109,64109,0
CSSO2G1,2015,MI,224710,224710,0,0,0,0,224710,224710,0
CSNOX,2015,MN,28977,28977,0,0,0,0,28977,28977,0
CSSO2G2,2015,MN,41139,41139,0,0,0,0,41139,41139,0
CSNOXOS,2015,MO,22103,22103,0,0,0,0,22103,22103,0
CAIROS,2015,MO,22231,22231,0,0,0,0,22231,22231,0
CAIRNOX,2015,MO,49892,49892,0,0,0,0,49892,49892,0
CSNOX,2015,MO,50823,50823,0,0,0,0,50823,50823,0
CSSO2G1,2015,MO,203312,203312,0,0,0,0,203312,203312,0
CSNOXOS,2015,MS,12180,12180,0,0,0,0,12180,12180,0
CSNOXOS,2015,NC,20836,20836,0,0,0,0,20836,20836,0
CAIROS,2015,NC,26103,26103,0,0,0,0,26103,26103,0
CSNOX,2015,NC,47557,47557,0,0,0,0,47557,47557,0
CAIRNOX,2015,NC,51819,51819,0,0,0,0,51819,51819,0
CSSO2G1,2015,NC,125927,125927,0,0,0,0,125927,125927,0
CSNOX,2015,NE,28238,28238,0,0,0,0,28238,28238,0
CSSO2G2,2015,NE,65432,65432,0,0,0,0,65432,65432,0
CSNOXOS,2015,NJ,4045,4045,0,0,0,0,4045,4045,0
CSSO2G1,2015,NJ,7514,7514,0,0,0,0,7514,7514,0
CSNOX,2015,NJ,8054,8054,0,0,0,0,8054,8054,0
CSNOXOS,2015,NY,10157,10157,0,0,0,0,10157,10157,0
CSNOX,2015,NY,21290,21290,0,0,0,0,21290,21290,0
CAIROS,2015,NY,27652,26266,0,0,0,0,27652,26266,1386
CSSO2G1,2015,NY,35560,35560,0,0,0,0,35560,35560,0
CAIRNOX,2015,NY,38014,38014,0,0,0,0,38014,38014,0
CSNOXOS,2015,OH,40457,40457,0,0,0,0,40457,40457,0
CAIROS,2015,OH,43975,43659,0,0,0,0,43975,43659,316
CAIRNOX,2015,OH,90556,90556,0,0,0,0,90556,90556,0
CSNOX,2015,OH,93554,93554,0,0,0,0,93554,93554,0
CSSO2G1,2015,OH,309083,309083,0,0,0,0,309083,309083,0
CSNOXOS,2015,OK,35831,35831,0,0,0,0,35831,35831,0
CAIROS,2015,PA,35143,35143,0,0,0,0,35143,35143,0
CSNOXOS,2015,PA,51158,51158,0,0,0,0,51158,51158,0
CAIRNOX,2015,PA,82541,81468,0,0,0,0,82541,81468,1073
CSNOX,2015,PA,117586,117586,0,0,0,0,117586,117586,0
CSSO2G1,2015,PA,273070,273070,0,0,0,0,273070,273070,0
CSNOXOS,2015,SC,13630,13327,0,0,0,0,13630,13327,303
CAIROS,2015,SC,16186,15699,0,0,0,0,16186,15699,487
CAIRNOX,2015,SC,27219,26400,0,0,0,0,27219,26400,819
CSNOX,2015,SC,31845,31516,0,0,0,0,31845,31516,329
CSSO2G2,2015,SC,94700,93386,0,0,0,0,94700,93386,1314
CSNOXOS,2015,TN,14612,14612,0,0,0,0,14612,14612,0
CAIROS,2015,TN,24701,24701,0,0,0,0,24701,24701,0
CSNOX,2015,TN,34988,34988,0,0,0,0,34988,34988,0
CAIRNOX,2015,TN,42478,42478,0,0,0,0,42478,42478,0
CSSO2G1,2015,TN,145188,145188,0,0,0,0,145188,145188,0
CSNOXOS,2015,TX,62846,61620,0,0,0,0,62846,61620,1226
CSNOX,2015,TX,132010,129330,0,0,0,0,132010,129330,2680
CAIRNOX,2015,TX,150845,136264,0,0,0,0,150845,136264,14581
CSSO2G2,2015,TX,279728,279607,0,0,0,0,279728,279607,121
CSNOXOS,2015,VA,13733,13733,0,0,0,0,13733,13733,0
CSNOX,2015,VA,31579,31579,0,0,0,0,31579,31579,0
CSSO2G1,2015,VA,67986,67986,0,0,0,0,67986,67986,0
CSNOXOS,2015,WI,13897,13897,0,0,0,0,13897,13897,0
CSNOX,2015,WI,32048,32048,0,0,0,0,32048,32048,0
CSSO2G1,2015,WI,76294,76294,0,0,0,0,76294,76294,0
CSNOXOS,2015,WV,24020,24020,0,0,0,0,24020,24020,0
CSNOX,2015,WV,56495,56495,0,0,0,0,56495,56495,0
CSSO2G1,2015,WV,135943,135943,0,0,0,0,135943,135943,0
CSNOXOS,2016,AL,31107,31107,0,0,0,0,31107,31107,0
CSNOX,2016,AL,71234,71234,0,0,0,0,71234,71234,0
CSSO2G2,2016,AL,211715,211715,0,0,0,0,211715,211715,0
CSNOXOS,2016,AR,14355,14355,0,0,0,0,14355,14355,0
CSNOXOS,2016,FL,28082,28082,0,0,0,0,28082,28082,0
CSNOXOS,2016,GA,27385,27385,0,0,0,0,27385,27385,0
CSNOX,2016,GA,60773,60773,0,0,0,0,60773,60773,0
CSSO2G2,2016,GA,155345,155345,0,0,0,0,155345,155345,0
CSNOXOS,2016,IA,16202,16202,0,0,0,0,16202,16202,0
CSNOX,2016,IA,37565,37565,0,0,0,0,37565,37565,0
CSSO2G1,2016,IA,104944,104944,0,0,0,0,104944,104944,0
CSNOXOS,2016,IL,19497,19497,0,0,0,0,19497,19497,0
CSNOX,2016,IL,44017,44017,0,0,0,0,44017,44017,0
CSSO2G1,2016,IL,223061,223061,0,0,0,0,223061,223061,0
CSNOXOS,2016,IN,45441,45441,0,0,0,0,45441,45441,0
CSNOX,2016,IN,106229,106229,0,0,0,0,106229,106229,0
CSSO2G1,2016,IN,282032,282032,0,0,0,0,282032,282032,0
CSNOX,2016,KS,30727,30727,0,0,0,0,30727,30727,0
CSSO2G2,2016,KS,41137,41137,0,0,0,0,41137,41137,0
CSNOXOS,2016,KY,34715,34715,0,0,0,0,34715,34715,0
CSNOX,2016,KY,81682,81682,0,0,0,0,81682,81682,0
CSSO2G1,2016,KY,218697,218697,0,0,0,0,218697,218697,0
CSNOXOS,2016,LA,17751,17751,0,0,0,0,17751,17751,0
CSNOXOS,2016,MD,7035,7035,0,0,0,0,7035,7035,0
CSNOX,2016,MD,16298,16298,0,0,0,0,16298,16298,0
CSSO2G1,2016,MD,29514,29514,0,0,0,0,29514,29514,0
CSNOXOS,2016,MI,27479,27479,0,0,0,0,27479,27479,0
CSNOX,2016,MI,64109,64109,0,0,0,0,64109,64109,0
CSSO2G1,2016,MI,224710,224710,0,0,0,0,224710,224710,0
CSNOX,2016,MN,28977,28977,0,0,0,0,28977,28977,0
CSSO2G2,2016,MN,41139,41139,0,0,0,0,41139,41139,0
CSNOXOS,2016,MO,21418,21418,0,0,0,0,21418,21418,0
CSNOX,2016,MO,49251,49251,0,0,0,0,49251,49251,0
CSSO2G1,2016,MO,201240,201240,0,0,0,0,201240,201240,0
CSNOXOS,2016,MS,12180,12180,0,0,0,0,12180,12180,0
CSNOXOS,2016,NC,20836,20836,0,0,0,0,20836,20836,0
CSNOX,2016,NC,47557,47557,0,0,0,0,47557,47557,0
CSSO2G1,2016,NC,125927,125927,0,0,0,0,125927,125927,0
CSNOX,2016,NE,28238,28238,0,0,0,0,28238,28238,0
CSSO2G2,2016,NE,65432,65432,0,0,0,0,65432,65432,0
CSNOXOS,2016,NJ,4045,4045,0,0,0,0,4045,4045,0
CSSO2G1,2016,NJ,7514,7514,0,0,0,0,7514,7514,0
CSNOX,2016,NJ,8054,8054,0,0,0,0,8054,8054,0
CSNOXOS,2016,NY,10157,10157,0,0,0,0,10157,10157,0
CSNOX,2016,NY,21290,21290,0,0,0,0,21290,21290,0
CSSO2G1,2016,NY,35560,35560,0,0,0,0,35560,35560,0
CSNOXOS,2016,OH,40459,40459,0,0,0,0,40459,40459,0
CSNOX,2016,OH,93557,93557,0,0,0,0,93557,93557,0
CSSO2G1,2016,OH,309083,309083,0,0,0,0,309083,309083,0
CSNOXOS,2016,OK,22241,22241,0,0,0,0,22241,22241,0
CSNOXOS,2016,PA,51103,51103,0,0,0,0,51103,51103,0
CSNOX,2016,PA,117484,117484,0,0,0,0,117484,117484,0
CSSO2G1,2016,PA,272519,272519,0,0,0,0,272519,272519,0
CSNOXOS,2016,SC,13630,13327,0,0,0,0,13630,13327,303
CSNOX,2016,SC,31845,31516,0,0,0,0,31845,31516,329
CSSO2G2,2016,SC,94700,93386,0,0,0,0,94700,93386,1314
CSNOXOS,2016,TN,14612,14612,0,0,0,0,14612,14612,0
CSNOX,2016,TN,34988,34988,0,0,0,0,34988,34988,0
CSSO2G1,2016,TN,140313,140313,0,0,0,0,140313,140313,0
CSNOXOS,2016,TX,62790,61620,0,0,0,0,62790,61620,1170
CSNOX,2016,TX,131828,129330,0,0,0,0,131828,129330,2498
CSSO2G2,2016,TX,279716,279607,0,0,0,0,279716,279607,109
CSNOXOS,2016,VA,13733,13733,0,0,0,0,13733,13733,0
CSNOX,2016,VA,31579,31579,0,0,0,0,31579,31579,0
CSSO2G1,2016,VA,67986,67986,0,0,0,0,67986,67986,0
CSNOXOS,2016,WI,13897,13897,0,0,0,0,13897,13897,0
CSNOX,2016,WI,32048,32048,0,0,0,0,32048,32048,0
CSSO2G1,2016,WI,76294,76294,0,0,0,0,76294,76294,0
CSNOXOS,2016,WV,24020,24020,0,0,0,0,24020,24020,0
CSNOX,2016,WV,56495,56495,0,0,0,0,56495,56495,0
CSSO2G1,2016,WV,135943,135943,0,0,0,0,135943,135943,0
CSOSG2,2017,AL,12943,12943,0,0,0,0,12943,12943,0
CSNOX,2017,AL,71962,71962,0,0,0,0,71962,71962,0
CSSO2G2,2017,AL,213258,213228,0,0,0,0,213258,213228,30
CSOSG2,2017,AR,11808,11808,0,0,0,0,11808,11808,0
CSOSG1,2017,GA,23556,23556,0,0,0,0,23556,23556,0
CSNOX,2017,GA,52664,52664,0,0,0,0,52664,52664,0
CSSO2G2,2017,GA,132844,132844,0,0,0,0,132844,132844,0
CSOSG2,2017,IA,10937,10937,0,0,0,0,10937,10937,0
CSNOX,2017,IA,36745,36745,0,0,0,0,36745,36745,0
CSSO2G1,2017,IA,73683,73683,0,0,0,0,73683,73683,0
CSOSG2,2017,IL,14299,14250,0,0,0,0,14299,14250,49
CSNOX,2017,IL,44017,44017,0,0,0,0,44017,44017,0
CSSO2G1,2017,IL,117833,117833,0,0,0,0,117833,117833,0
CSOSG2,2017,IN,22835,22835,0,0,0,0,22835,22835,0
CSNOX,2017,IN,104973,104973,0,0,0,0,104973,104973,0
CSSO2G1,2017,IN,161448,161448,0,0,0,0,161448,161448,0
CSOSG2,2017,KS,7871,7871,0,0,0,0,7871,7871,0
CSNOX,2017,KS,31323,31323,0,0,0,0,31323,31323,0
CSSO2G2,2017,KS,41137,41137,0,0,0,0,41137,41137,0
CSOSG2,2017,KY,20689,20689,0,0,0,0,20689,20689,0
CSNOX,2017,KY,74148,74148,0,0,0,0,74148,74148,0
CSSO2G1,2017,KY,99903,99903,0,0,0,0,99903,99903,0
CSOSG2,2017,LA,18268,18268,0,0,0,0,18268,18268,0
CSOSG2,2017,MD,3676,3676,0,0,0,0,3676,3676,0
CSNOX,2017,MD,16241,16241,0,0,0,0,16241,16241,0
CSSO2G1,2017,MD,27635,27635,0,0,0,0,27635,27635,0
CSOSG2,2017,MI,16341,16341,0,0,0,0,16341,16341,0
CSNOX,2017,MI,61776,61776,0,0,0,0,61776,61776,0
CSSO2G1,2017,MI,141108,141108,0,0,0,0,141108,141108,0
CSNOX,2017,MN,28977,28977,0,0,0,0,28977,28977,0
CSSO2G2,2017,MN,41139,41139,0,0,0,0,41139,41139,0
CSOSG2,2017,MO,15456,15456,0,0,0,0,15456,15456,0
CSNOX,2017,MO,45818,45818,0,0,0,0,45818,45818,0
CSSO2G1,2017,MO,160959,160959,0,0,0,0,160959,160959,0
CSOSG2,2017,MS,6189,6189,0,0,0,0,6189,6189,0
CSNOX,2017,NC,39060,39060,0,0,0,0,39060,39060,0
CSSO2G1,2017,NC,53003,53003,0,0,0,0,53003,53003,0
CSNOX,2017,NE,28238,28238,0,0,0,0,28238,28238,0
CSSO2G2,2017,NE,65432,65432,0,0,0,0,65432,65432,0
CSOSG2,2017,NJ,1870,1870,0,0,0,0,1870,1870,0
CSSO2G1,2017,NJ,5464,5464,0,0,0,0,5464,5464,0
CSNOX,2017,NJ,7790,7790,0,0,0,0,7790,7790,0
CSOSG2,2017,NY,4878,4878,0,0,0,0,4878,4878,0
CSNOX,2017,NY,20615,20615,0,0,0,0,20615,20615,0
CSSO2G1,2017,NY,26150,26150,0,0,0,0,26150,26150,0
CSOSG2,2017,OH,19121,19006,0,0,0,0,19121,19006,115
CSNOX,2017,OH,88453,88453,0,0,0,0,88453,88453,0
CSSO2G1,2017,OH,139390,139390,0,0,0,0,139390,139390,0
CSOSG2,2017,OK,11408,11408,0,0,0,0,11408,11408,0
CSOSG2,2017,PA,17411,17411,0,0,0,0,17411,17411,0
CSSO2G1,2017,PA,109513,109513,0,0,0,0,109513,109513,0
CSNOX,2017,PA,116510,116510,0,0,0,0,116510,116510,0
CSNOX,2017,SC,31845,31516,0,0,0,0,31845,31516,329
CSSO2G2,2017,SC,94700,93386,0,0,0,0,94700,93386,1314
CSOSG2,2017,TN,7580,7580,0,0,0,0,7580,7580,0
CSNOX,2017,TN,18956,18956,0,0,0,0,18956,18956,0
CSSO2G1,2017,TN,57652,57652,0,0,0,0,57652,57652,0
CSOSG2,2017,TX,51251,49512,0,0,0,0,51251,49512,1739
CSNOX,2017,TX,132192,0,0,0,0,0,132192,0,132192
CSSO2G2,2017,TX,279740,0,0,0,0,0,279740,0,279740
CSOSG2,2017,VA,8661,8661,0,0,0,0,8661,8661,0
CSNOX,2017,VA,31579,31553,0,0,0,0,31579,31553,26
CSSO2G1,2017,VA,33656,33655,0,0,0,0,33656,33655,1
CSOSG2,2017,WI,7756,7756,0,0,0,0,7756,7756,0
CSNOX,2017,WI,30899,30899,0,0,0,0,30899,30899,0
CSSO2G1,2017,WI,45965,45965,0,0,0,0,45965,45965,0
CSOSG2,2017,WV,17459,17459,0,0,0,0,17459,17459,0
CSNOX,2017,WV,51852,51852,0,0,0,0,51852,51852,0
CSSO2G1,2017,WV,70369,70369,0,0,0,0,70369,70369,0
CSOSG2,2018,AL,12943,12943,0,0,0,0,12943,12943,0
CSNOX,2018,AL,71962,71962,0,0,0,0,71962,71962,0
CSSO2G2,2018,AL,213258,213258,0,0,0,0,213258,213258,0
CSOSG2,2018,AR,9025,9025,0,0,0,0,9025,9025,0
CSOSG1,2018,GA,23556,23556,0,0,0,0,23556,23556,0
CSNOX,2018,GA,52664,52664,0,0,0,0,52664,52664,0
CSSO2G2,2018,GA,132844,132844,0,0,0,0,132844,132844,0
CSOSG2,2018,IA,10937,10937,0,0,0,0,10937,10937,0
CSNOX,2018,IA,36745,36745,0,0,0,0,36745,36745,0
CSSO2G1,2018,IA,73683,73683,0,0,0,0,73683,73683,0
CSOSG2,2018,IL,14299,14250,0,0,0,0,14299,14250,49
CSNOX,2018,IL,44017,44017,0,0,0,0,44017,44017,0
CSSO2G1,2018,IL,117833,117833,0,0,0,0,117833,117833,0
CSOSG2,2018,IN,22835,22835,0,0,0,0,22835,22835,0
CSNOX,2018,IN,104968,104968,0,0,0,0,104968,104968,0
CSSO2G1,2018,IN,161448,161448,0,0,0,0,161448,161448,0
CSOSG2,2018,KS,7871,7871,0,0,0,0,7871,7871,0
CSNOX,2018,KS,31323,31323,0,0,0,0,31323,31323,0
CSSO2G2,2018,KS,41137,41137,0,0,0,0,41137,41137,0
CSOSG2,2018,KY,20689,20689,0,0,0,0,20689,20689,0
CSNOX,2018,KY,74148,74148,0,0,0,0,74148,74148,0
CSSO2G1,2018,KY,99903,99903,0,0,0,0,99903,99903,0
CSOSG2,2018,LA,18268,18268,0,0,0,0,18268,18268,0
CSOSG2,2018,MD,3676,3676,0,0,0,0,3676,3676,0
CSNOX,2018,MD,16241,16241,0,0,0,0,16241,16241,0
CSSO2G1,2018,MD,27635,27635,0,0,0,0,27635,27635,0
CSOSG2,2018,MI,16341,16341,0,0,0,0,16341,16341,0
CSNOX,2018,MI,61776,61776,0,0,0,0,61776,61776,0
CSSO2G1,2018,MI,141108,141108,0,0,0,0,141108,141108,0
CSNOX,2018,MN,28977,28977,0,0,0,0,28977,28977,0
CSSO2G2,2018,MN,41139,41139,0,0,0,0,41139,41139,0
CSOSG2,2018,MO,15456,15456,0,0,0,0,15456,15456,0
CSNOX,2018,MO,45818,45818,0,0,0,0,45818,45818,0
CSSO2G1,2018,MO,160959,160959,0,0,0,0,160959,160959,0
CSOSG2,2018,MS,6189,6189,0,0,0,0,6189,6189,0
CSNOX,2018,NC,39060,39060,0,0,0,0,39060,39060,0
CSSO2G1,2018,NC,53003,53003,0,0,0,0,53003,53003,0
CSNOX,2018,NE,28238,28238,0,0,0,0,28238,28238,0
CSSO2G2,2018,NE,65432,65432,0,0,0,0,65432,65432,0
CSOSG2,2018,NJ,1870,1870,0,0,0,0,1870,1870,0
CSSO2G1,2018,NJ,5464,5464,0,0,0,0,5464,5464,0
CSNOX,2018,NJ,7790,7790,0,0,0,0,7790,7790,0
CSOSG2,2018,NY,4878,4878,0,0,0,0,4878,4878,0
CSNOX,2018,NY,20615,20615,0,0,0,0,20615,20615,0
CSSO2G1,2018,NY,26150,26150,0,0,0,0,26150,26150,0
CSOSG2,2018,OH,19121,19006,0,0,0,0,19121,19006,115
CSNOX,2018,OH,88453,88453,0,0,0,0,88453,88453,0
CSSO2G1,2018,OH,139390,139390,0,0,0,0,139390,139390,0
CSOSG2,2018,OK,11408,11408,0,0,0,0,11408,11408,0
CSOSG2,2018,PA,17411,17411,0,0,0,0,17411,17411,0
CSSO2G1,2018,PA,109513,109513,0,0,0,0,109513,109513,0
CSNOX,2018,PA,116510,116510,0,0,0,0,116510,116510,0
CSNOX,2018,SC,31845,31516,0,0,0,0,31845,31516,329
CSSO2G2,2018,SC,94700,93386,0,0,0,0,94700,93386,1314
CSOSG2,2018,TN,7580,7580,0,0,0,0,7580,7580,0
CSNOX,2018,TN,18956,18956,0,0,0,0,18956,18956,0
CSSO2G1,2018,TN,57652,57652,0,0,0,0,57652,57652,0
CSOSG2,2018,TX,51251,49512,0,0,0,0,51251,49512,1739
CSNOX,2018,TX,132192,0,0,0,0,0,132192,0,132192
CSSO2G2,2018,TX,279740,0,0,0,0,0,279740,0,279740
CSOSG2,2018,VA,8661,8661,0,0,0,0,8661,8661,0
CSNOX,2018,VA,31579,31553,0,0,0,0,31579,31553,26
CSSO2G1,2018,VA,33656,33655,0,0,0,0,33656,33655,1
CSOSG2,2018,WI,7756,7756,0,0,0,0,7756,7756,0
CSNOX,2018,WI,30899,30899,0,0,0,0,30899,30899,0
CSSO2G1,2018,WI,45965,45965,0,0,0,0,45965,45965,0
CSOSG2,2018,WV,17459,17459,0,0,0,0,17459,17459,0
CSNOX,2018,WV,51852,51852,0,0,0,0,51852,51852,0
CSSO2G1,2018,WV,70369,70369,0,0,0,0,70369,70369,0
CSOSG2,2019,AL,13211,13211,0,0,0,0,13211,13211,0
CSNOX,2019,AL,71962,71962,0,0,0,0,71962,71962,0
CSSO2G2,2019,AL,213258,213258,0,0,0,0,213258,213258,0
CSOSG2,2019,AR,9025,9025,0,0,0,0,9025,9025,0
CSOSG1,2019,GA,23556,23556,0,0,0,0,23556,23556,0
CSNOX,2019,GA,52664,52664,0,0,0,0,52664,52664,0
CSSO2G2,2019,GA,132844,132844,0,0,0,0,132844,132844,0
CSOSG2,2019,IA,10937,10937,0,0,0,0,10937,10937,0
CSNOX,2019,IA,36745,36745,0,0,0,0,36745,36745,0
CSSO2G1,2019,IA,73683,73683,0,0,0,0,73683,73683,0
CSOSG2,2019,IL,14299,14250,0,0,0,0,14299,14250,49
CSNOX,2019,IL,44017,44017,0,0,0,0,44017,44017,0
CSSO2G1,2019,IL,117833,117833,0,0,0,0,117833,117833,0
CSOSG2,2019,IN,22809,22809,0,0,0,0,22809,22809,0
CSNOX,2019,IN,104968,104968,0,0,0,0,104968,104968,0
CSSO2G1,2019,IN,161448,161448,0,0,0,0,161448,161448,0
CSOSG2,2019,KS,7871,7871,0,0,0,0,7871,7871,0
CSNOX,2019,KS,31323,31323,0,0,0,0,31323,31323,0
CSSO2G2,2019,KS,41137,41137,0,0,0,0,41137,41137,0
CSOSG2,2019,KY,20689,20689,0,0,0,0,20689,20689,0
CSNOX,2019,KY,74148,74148,0,0,0,0,74148,74148,0
CSSO2G1,2019,KY,99903,99903,0,0,0,0,99903,99903,0
CSOSG2,2019,LA,18268,18268,0,0,0,0,18268,18268,0
CSOSG2,2019,MD,3676,3676,0,0,0,0,3676,3676,0
CSNOX,2019,MD,16241,16241,0,0,0,0,16241,16241,0
CSSO2G1,2019,MD,27635,27635,0,0,0,0,27635,27635,0
CSOSG2,2019,MI,16341,16341,0,0,0,0,16341,16341,0
CSNOX,2019,MI,61776,61776,0,0,0,0,61776,61776,0
CSSO2G1,2019,MI,141108,141108,0,0,0,0,141108,141108,0
CSNOX,2019,MN,28977,28977,0,0,0,0,28977,28977,0
CSSO2G2,2019,MN,41139,41139,0,0,0,0,41139,41139,0
CSOSG2,2019,MO,15456,15456,0,0,0,0,15456,15456,0
CSNOX,2019,MO,45818,45818,0,0,0,0,45818,45818,0
CSSO2G1,2019,MO,160959,160959,0,0,0,0,160959,160959,0
CSOSG2,2019,MS,6189,6189,0,0,0,0,6189,6189,0
CSNOX,2019,NC,39060,39060,0,0,0,0,39060,39060,0
CSSO2G1,2019,NC,53003,53003,0,0,0,0,53003,53003,0
CSNOX,2019,NE,28238,28238,0,0,0,0,28238,28238,0
CSSO2G2,2019,NE,65432,65432,0,0,0,0,65432,65432,0
CSOSG2,2019,NJ,1870,1870,0,0,0,0,1870,1870,0
CSSO2G1,2019,NJ,5464,5464,0,0,0,0,5464,5464,0
CSNOX,2019,NJ,7790,7790,0,0,0,0,7790,7790,0
CSOSG2,2019,NY,4878,4878,0,0,0,0,4878,4878,0
CSNOX,2019,NY,20615,20615,0,0,0,0,20615,20615,0
CSSO2G1,2019,NY,26151,26151,0,0,0,0,26151,26151,0
CSOSG2,2019,OH,19121,19006,0,0,0,0,19121,19006,115
CSNOX,2019,OH,88453,88453,0,0,0,0,88453,88453,0
CSSO2G1,2019,OH,139390,139390,0,0,0,0,139390,139390,0
CSOSG2,2019,OK,11408,11408,0,0,0,0,11408,11408,0
CSOSG2,2019,PA,17411,17411,0,0,0,0,17411,17411,0
CSSO2G1,2019,PA,109513,109513,0,0,0,0,109513,109513,0
CSNOX,2019,PA,116510,116510,0,0,0,0,116510,116510,0
CSNOX,2019,SC,31516,31516,0,0,0,0,31516,31516,0
CSSO2G2,2019,SC,93386,93386,0,0,0,0,93386,93386,0
CSOSG2,2019,TN,7580,7580,0,0,0,0,7580,7580,0
CSNOX,2019,TN,18956,18956,0,0,0,0,18956,18956,0
CSSO2G1,2019,TN,57652,57652,0,0,0,0,57652,57652,0
CSOSG2,2019,TX,51251,49511,0,0,0,0,51251,49511,1740
TXSO2,2019,TX,238393,238393,41347,0,0,0,279740,238393,41347
CSOSG2,2019,VA,8661,8661,0,0,0,0,8661,8661,0
CSNOX,2019,VA,31579,31579,0,0,0,0,31579,31579,0
CSSO2G1,2019,VA,33656,33656,0,0,0,0,33656,33656,0
CSOSG2,2019,WI,7756,7756,0,0,0,0,7756,7756,0
CSNOX,2019,WI,30899,30899,0,0,0,0,30899,30899,0
CSSO2G1,2019,WI,45965,45965,0,0,0,0,45965,45965,0
CSOSG2,2019,WV,17459,17459,0,0,0,0,17459,17459,0
CSNOX,2019,WV,51852,51852,0,0,0,0,51852,51852,0
CSSO2G1,2019,WV,70369,70369,0,0,0,0,70369,70369,0
CSOSG2,2020,AL,13211,13211,0,0,0,0,13211,13211,0
CSNOX,2020,AL,71962,71962,0,0,0,0,71962,71962,0
CSSO2G2,2020,AL,213258,213258,0,0,0,0,213258,213258,0
CSOSG2,2020,AR,9025,9025,0,0,0,0,9025,9025,0
CSOSG1,2020,GA,21263,18027,0,0,0,0,21263,18027,3236
CSNOX,2020,GA,48648,48648,0,0,0,0,48648,48648,0
CSSO2G2,2020,GA,122672,122672,0,0,0,0,122672,122672,0
CSOSG2,2020,IA,10937,10937,0,0,0,0,10937,10937,0
CSNOX,2020,IA,35601,35601,0,0,0,0,35601,35601,0
CSSO2G1,2020,IA,71285,71285,0,0,0,0,71285,71285,0
CSOSG2,2020,IL,14299,14250,0,0,0,0,14299,14250,49
CSNOX,2020,IL,39740,39740,0,0,0,0,39740,39740,0
CSSO2G1,2020,IL,106036,106036,0,0,0,0,106036,106036,0
CSOSG2,2020,IN,22809,22809,0,0,0,0,22809,22809,0
CSNOX,2020,IN,100027,100027,0,0,0,0,100027,100027,0
CSSO2G1,2020,IN,155335,155335,0,0,0,0,155335,155335,0
CSOSG2,2020,KS,7871,7871,0,0,0,0,7871,7871,0
CSNOX,2020,KS,30455,30455,0,0,0,0,30455,30455,0
CSSO2G2,2020,KS,40680,40680,0,0,0,0,40680,40680,0
CSOSG2,2020,KY,20689,20689,0,0,0,0,20689,20689,0
CSNOX,2020,KY,70411,70411,0,0,0,0,70411,70411,0
CSSO2G1,2020,KY,94797,94797,0,0,0,0,94797,94797,0
CSOSG2,2020,LA,18268,18268,0,0,0,0,18268,18268,0
CSOSG2,2020,MD,3676,3676,0,0,0,0,3676,3676,0
CSNOX,2020,MD,15916,15916,0,0,0,0,15916,15916,0
CSSO2G1,2020,MD,27083,27083,0,0,0,0,27083,27083,0
CSOSG2,2020,MI,16341,16341,0,0,0,0,16341,16341,0
CSNOX,2020,MI,60982,60982,0,0,0,0,60982,60982,0
CSSO2G1,2020,MI,139782,139782,0,0,0,0,139782,139782,0
CSNOX,2020,MN,28748,28748,0,0,0,0,28748,28748,0
CSSO2G2,2020,MN,40799,40799,0,0,0,0,40799,40799,0
CSOSG2,2020,MO,15456,15456,0,0,0,0,15456,15456,0
CSNOX,2020,MO,45818,45818,0,0,0,0,45818,45818,0
CSSO2G1,2020,MO,160959,160959,0,0,0,0,160959,160959,0
CSOSG2,2020,MS,6189,6189,0,0,0,0,6189,6189,0
CSNOX,2020,NC,32364,32364,0,0,0,0,32364,32364,0
CSSO2G1,2020,NC,43494,43494,0,0,0,0,43494,43494,0
CSNOX,2020,NE,28238,28238,0,0,0,0,28238,28238,0
CSSO2G2,2020,NE,65432,65432,0,0,0,0,65432,65432,0
CSOSG2,2020,NJ,1870,1870,0,0,0,0,1870,1870,0
CSSO2G1,2020,NJ,5003,5003,0,0,0,0,5003,5003,0
CSNOX,2020,NJ,7337,7337,0,0,0,0,7337,7337,0
CSOSG2,2020,NY,4878,4878,0,0,0,0,4878,4878,0
CSNOX,2020,NY,21700,20615,0,0,0,0,21700,20615,1085
CSSO2G1,2020,NY,27528,26151,0,0,0,0,27528,26151,1377
CSOSG2,2020,OH,19121,19006,0,0,0,0,19121,19006,115
CSNOX,2020,OH,73524,73524,0,0,0,0,73524,73524,0
CSSO2G1,2020,OH,115676,115676,0,0,0,0,115676,115676,0
CSOSG2,2020,OK,11408,11408,0,0,0,0,11408,11408,0
CSOSG2,2020,PA,17411,17411,0,0,0,0,17411,17411,0
CSSO2G1,2020,PA,84080,84080,0,0,0,0,84080,84080,0
CSNOX,2020,PA,89741,89741,0,0,0,0,89741,89741,0
CSNOX,2020,SC,26462,26462,0,0,0,0,26462,26462,0
CSSO2G2,2020,SC,73229,73229,0,0,0,0,73229,73229,0
CSOSG2,2020,TN,7580,7580,0,0,0,0,7580,7580,0
CSNOX,2020,TN,15809,15809,0,0,0,0,15809,15809,0
CSSO2G1,2020,TN,47969,47969,0,0,0,0,47969,47969,0
CSOSG2,2020,TX,51251,49511,0,0,0,0,51251,49511,1740
TXSO2,2020,TX,238393,238393,41347,0,0,0,279740,238393,41347
CSOSG2,2020,VA,8661,8661,0,0,0,0,8661,8661,0
CSNOX,2020,VA,27492,27492,0,0,0,0,27492,27492,0
CSSO2G1,2020,VA,27745,27745,0,0,0,0,27745,27745,0
CSOSG2,2020,WI,7756,7756,0,0,0,0,7756,7756,0
CSNOX,2020,WI,30055,30055,0,0,0,0,30055,30055,0
CSSO2G1,2020,WI,44674,44674,0,0,0,0,44674,44674,0
CSOSG2,2020,WV,17459,17459,0,0,0,0,17459,17459,0
CSNOX,2020,WV,48485,48485,0,0,0,0,48485,48485,0
CSSO2G1,2020,WV,65656,65656,0,0,0,0,65656,65656,0
